feature,language_pair,correlation,abs_correlation,p_value,is_significant,is_highly_significant,n_genres
Pronoun Ratio,ch-en,0.695280168200689,0.695280168200689,0.30471983179931095,True,True,4
Info Density,ch-en,-0.5975465201789011,0.5975465201789011,0.4024534798210988,True,False,4
Avg Sentence Length,ch-en,0.36627101987767463,0.36627101987767463,0.6337289801223254,False,False,4
TF-IDF Average,ch-en,0.7604852870462233,0.7604852870462233,0.2395147129537767,True,True,4
