feature,language_pair,correlation,p_value
Info Density,ch-en,-0.5975465201789011,0.4024534798210988
Pronoun Ratio,ch-en,0.695280168200689,0.30471983179931095
TF-IDF Average,ch-en,0.7604852870462233,0.2395147129537767
